club,Shot,Ball (mph),Club (mph),Smash,Carry (yds),Total (yds),Roll (yds),Swing H (°),Spin (rpm),Height (ft),Time (s),AOA (°),Spin Loft (°),Swing V (°),Spin Axis (°),Lateral (yds),Shot Type,FTP (°),FTT (°),Dynamic Loft (°),Club Path (°),Launch H (°),Launch V (°),Low Point (ftin),DescentV (°),Curve Dist (yds),Lateral Impact (in),Vertical Impact (in),Mode,Location,Temperature (°F),Humidity (%),Air Pressure (psi),Altitude (ft),Wind Relative Direction,Wind Speed (mph)
Driver,1,154.9,113.7,1.36,240.1,244,3.9,1.9 R,3943,103.2,7,3.9,7,49,4.9 R,1.8 R,Fade,0.2 R,1.3 L,10.9,1.5 L,2.2 L,10.5,-5.8″,44.4,10.9,-0.4,0.16,Outdoor,N/A,-,-,-,-,-,-
Driver,2,149.7,116.5,1.29,224.8,227.6,2.8,0.2 R,4319,117.7,7.1,3.4,9.2,48.9,5.1 R,3.2 L,Pull/Fade,0.2 R,2.6 L,12.5,2.7 L,3.9 L,11.8,-4.9″,47.8,11.8,-0.57,0.22,Outdoor,N/A,-,-,-,-,-,-
Driver,3,154.5,117.2,1.32,220.9,222.3,1.4,6.5 R,4732,137.5,7.6,4.6,8.5,50.8,4.1 R,11.2 R,Fade,0.1 L,2.6 R,13.1,2.7 R,0 L,12.2,-6.8″,52.7,11.2,-0.52,-0.18,Outdoor,N/A,-,-,-,-,-,-
Driver,4,151.7,107.4,1.41,256.6,262,5.4,2.9 R,2473,132.8,7.6,6.7,9.8,46.1,8.8 R,26.9 R,Fade,2.1 R,1.4 L,16.3,3.6 L,1.1 R,14.5,-9.8″,47.8,21.9,0.5,0.29,Outdoor,N/A,-,-,-,-,-,-
Driver,5,151.8,108.8,1.39,245.2,249.3,4.1,6 R,3125,123.1,7.4,8.2,5.1,44.8,6 R,8.7 R,Fade,0.6 R,1.8 L,13.2,2.3 L,1.4 L,12.9,-1′ 1″,48.2,14.4,0.05,-0.17,Outdoor,N/A,-,-,-,-,-,-
Driver,6,155.5,108.9,1.43,255.7,261.5,5.9,3.9 R,2781,118,7.2,7.8,7.4,47.1,11.1 R,24.2 R,Fade,1.9 R,1.5 L,15,3.4 L,0 L,14,-11.1″,45,24.1,0.41,0.25,Outdoor,N/A,-,-,-,-,-,-
Driver,7,155,108.2,1.43,255.5,261.1,5.6,4.5 R,2413,122.1,7.4,7.7,7.2,47.8,3.6 L,8.1 L,Draw,0.1 L,2.7 L,14.9,2.5 L,0 R,14,-10.7″,46.8,-8.4,0.28,0.29,Outdoor,N/A,-,-,-,-,-,-
Driver,8,153.8,114.9,1.34,225.1,228,2.8,3.2 R,4011,123.9,7.3,4.4,7.6,50.6,3.8 L,19.8 L,Draw,1.1 L,1.6 L,11.9,0.5 L,2.7 L,11.3,-6.4″,49.2,-9.2,-0.71,0.15,Outdoor,N/A,-,-,-,-,-,-
Driver,9,146.5,116.5,1.26,215,217.6,2.6,3.4 R,4568,115.1,7,5.4,6.9,50.3,12.5 R,21.4 R,Slice,0.9 R,0.3 L,12.2,1.1 L,2 L,11.9,-7.8″,47.8,28.7,-0.58,-0.21,Outdoor,N/A,-,-,-,-,-,-
Driver,10,152.4,110.7,1.38,225.8,228.4,2.5,5.5 R,5180,102.2,6.7,6.5,6.5,50.6,22.5 L,65.8 L,Push/Hook,2.8 L,2.7 L,12.3,0.1 R,4.1 L,11,-9.3″,46.4,-50.4,-0.46,-0.16,Outdoor,N/A,-,-,-,-,-,-
Driver,11,147.5,113.9,1.29,215.2,216.7,1.6,0.7 L,4848,125.9,7.3,3.3,10.7,47.4,8 R,7.2 R,Fade,1.2 R,2.6 L,14,3.8 L,3.2 L,13.1,-5.1″,51.5,18.9,-0.33,0.49,Outdoor,N/A,-,-,-,-,-,-
Driver,12,143.3,114.2,1.25,221,225.3,4.3,5.8 R,3927,86.2,6.5,5.9,4.8,50.2,1.7 R,2.5 L,Straight,0.6 L,0.3 R,10.7,0.8 R,1.6 L,9.8,-8.6″,41.7,3.4,-0.81,-0.36,Outdoor,N/A,-,-,-,-,-,-
Driver,13,150.3,106.8,1.41,227.2,232.3,5.2,1.8 R,3480,93.1,6.6,6.4,5.4,49.8,19.5 R,43.9 R,Slice,2.3 R,1.4 L,11.4,3.7 L,0.4 R,9.5,-8.8″,43,42,0.53,-0.33,Outdoor,N/A,-,-,-,-,-,-
Driver,14,151.4,106.3,1.42,248.8,255,6.2,2.3 R,2747,99.4,7,5.1,7,49.5,6.4 R,25.6 R,Fade,1.4 R,0.7 L,12,2 L,2.2 R,10.3,-6.8″,42.7,16.2,0.59,0.19,Outdoor,N/A,-,-,-,-,-,-
Driver,15,145.1,105.8,1.37,247.4,256.6,9.2,0.7 R,2075,92.3,6.7,4.2,7.8,49.6,10.8 R,25.2 R,Fade,1.9 R,0.9 L,11.8,2.8 L,0.4 R,10.9,-5.5″,39.5,23.5,0.34,0.53,Outdoor,N/A,-,-,-,-,-,-
Driver,16,149.3,105.3,1.42,227.7,239.7,12,1.6 R,2281,55.9,5.7,1.7,3.7,47.6,5.3 R,8 R,Fade,0.2 R,0.2 R,5.4,0 L,0.5 L,5.2,-2.3″,31.1,9.7,-0.28,0.21,Outdoor,N/A,-,-,-,-,-,-
Driver,17,151.2,107.3,1.41,233.4,238.9,5.5,5.7 R,2520,113.2,7.1,7.5,5.1,51.8,10.4 L,37.1 L,Hook,0.9 L,1.1 L,12.5,0.2 L,3.2 L,11.3,-9.9″,46.3,-24.4,-0.15,0.79,Outdoor,N/A,-,-,-,-,-,-
Driver,18,135,107,1.26,196.6,199.8,3.2,0.8 R,4442,77.4,6.2,2,6.8,48.9,5.3 R,4.5 R,Fade,0 L,1 L,8.9,1 L,1.8 L,8.5,-3.1″,42.4,10.4,-0.72,-0.28,Outdoor,N/A,-,-,-,-,-,-
Driver,19,137.4,104.6,1.31,212.9,217.9,5,3.8 R,3736,79.1,6.3,2.6,8.2,52.1,1.1 R,2.7 L,Straight,0.5 L,1.2 R,10.8,1.7 R,1.3 L,9.8,-3.8″,40.1,2,-0.66,-0.34,Outdoor,N/A,-,-,-,-,-,-
Driver,20,140.8,104.1,1.35,213.9,217.2,3.3,1.7 R,4144,107.3,6.8,1.9,11.6,51.5,6 R,19.2 R,Fade,1.2 R,1.4 R,13.4,0.1 R,1.7 R,12.2,-2.7″,46.1,12.8,-0.12,0.52,Outdoor,N/A,-,-,-,-,-,-
Driver,21,143.1,105.2,1.36,220.6,224.4,3.8,3 R,3874,107.4,6.9,4.9,6.9,51.6,1.6 L,3.5 L,Straight,0.3 L,1.2 L,11.8,0.9 L,0 R,11.4,-7″,45.2,-3.7,-0.08,-0.25,Outdoor,N/A,-,-,-,-,-,-
Driver,Avg,148.6,109.7,1.36,230,234.6,4.6,3.1 R,3601,106.3,6.9,5,7.3,49.3,3.6 R,4.1 R,-,0.4 R,0.9 L,12.1,1.3 L,1 L,11.2,-7.1″,45,7.9,-0.18,0.09,-,-,-,-,-,-,-,-
Driver,Dev,5.7,4.3,0.06,16.1,17.3,2.4,2,921,19.8,0.5,2,1.9,1.9,8.6,23.5,-,1.2,1.4,2.2,1.8,1.7,2,2.9″,4.6,19.3,0.45,0.33,-,-,-,-,-,-,-,-
7 Iron,1,113.4,92.6,1.22,153.6,154.2,0.6,0.6 R,7553,72.1,5.5,-0.9,18.4,57.4,3.5 R,8.7 R,Fade,0.8 R,1.9 R,17.5,1.1 R,1.5 R,14.4,0.9″,42.7,4.7,-0.26,-0.31,Outdoor,N/A,-,-,-,-,-,-
7 Iron,2,115.1,92.8,1.24,153.7,153.8,0.2,1 L,7959,87.9,5.9,-1.4,22.2,58.4,1.8 L,1.3 L,Straight,0.6 L,0.7 L,20.9,0.1 L,0.5 R,16.3,1.4″,47,-2.7,0.19,-0.08,Outdoor,N/A,-,-,-,-,-,-
7 Iron,3,116.1,93,1.25,154.7,154.9,0.2,0.9 L,7939,88.7,5.9,-0.7,22,57.5,1.4 R,6.1 R,Straight,0.6 R,0.1 R,21.3,0.5 L,1.5 R,16.7,0.8″,46.9,2.1,0.09,-0.1,Outdoor,N/A,-,-,-,-,-,-
7 Iron,4,114.9,94.3,1.22,156.6,157,0.4,3.6 L,8300,76,5.7,-2.2,21.4,57.6,7 R,11.2 R,Fade,2.7 R,0.5 R,19.1,2.2 L,0.5 R,14.8,2.3″,42.8,9.9,0.17,-0.19,Outdoor,N/A,-,-,-,-,-,-
7 Iron,5,111.3,95.7,1.16,146.3,146.5,0.1,1.8 L,8055,85.8,5.8,0,23.2,59.3,5.3 R,7 R,Fade,1.9 R,0.2 R,23.2,1.8 L,0 L,18.2,0″,47,7,-0.05,-0.36,Outdoor,N/A,-,-,-,-,-,-
7 Iron,6,112.8,92.3,1.22,146.7,146.4,0.4,3.3 L,8792,87.7,5.8,-0.3,23.8,60.6,1.7 R,0 R,Straight,1 R,2.1 L,23.5,3.1 L,0.9 L,18.2,0.3″,47.8,2.3,0.21,0.13,Outdoor,N/A,-,-,-,-,-,-
7 Iron,7,116,93.6,1.24,157.7,158.1,0.4,1.9 L,7957,83.5,5.9,-1.8,21.5,59.2,0.3 L,0.4 L,Straight,0.1 R,0.7 L,19.7,0.8 L,0 R,15.4,1.8″,45,-0.4,0.17,0.17,Outdoor,N/A,-,-,-,-,-,-
7 Iron,8,115.8,94,1.23,153.7,153.9,0.2,2.4 L,7870,89.5,5.9,-1.4,23.8,58.3,0.7 R,4.9 R,Straight,0.5 R,1 L,22.5,1.5 L,1.5 R,17,1.4″,47.3,1.1,0.24,-0.15,Outdoor,N/A,-,-,-,-,-,-
7 Iron,9,108.8,94,1.16,140.6,141.2,0.6,0 R,7301,72.2,5.4,0.7,18.9,59,4.7 R,2 R,Fade,1.1 R,0.7 R,19.6,0.4 L,1.5 L,16.3,-0.8″,44.2,5.6,-0.38,-0.31,Outdoor,N/A,-,-,-,-,-,-
7 Iron,10,107.3,92.7,1.16,136.8,136.8,0.1,2.6 L,7999,78.5,5.5,-0.6,24.4,62.3,7.1 R,8.6 R,Fade,3.5 R,1.3 R,23.6,2.3 L,0.2 R,18.3,0.6″,47.2,8.3,0.38,0.16,Outdoor,N/A,-,-,-,-,-,-
7 Iron,11,118.6,93.9,1.26,154.8,155.3,0.4,2.7 L,8007,73,5.5,-2.8,19.8,59,1.5 L,2 L,Straight,0.3 L,1.3 L,17,1 L,0.1 R,13.3,2.9″,42.4,-2.1,0.25,0.02,Outdoor,N/A,-,-,-,-,-,-
7 Iron,Avg,113.6,93.6,1.21,150.5,150.7,0.3,1.8 L,7976,81.4,5.7,-1,21.8,59,2.5 R,4.1 R,-,1 R,0.1 L,20.7,1.1 L,0.3 R,16.3,1.1″,45.5,3.2,0.09,-0.09,-,-,-,-,-,-,-,-
7 Iron,Dev,3.2,0.9,0.04,6.6,6.6,0.2,1.3,360,6.8,0.2,1,1.9,1.4,3.1,4.4,-,1.2,1.1,2.2,1.1,0.9,1.6,1″,2,4,0.22,0.19,-,-,-,-,-,-,-,-
8 Iron,1,104.6,90.2,1.16,131,130.4,0.6,0 R,9068,81,5.5,-0.4,26.4,60.7,2.6 R,5.8 R,Fade,1.5 R,1.7 R,25.9,0.3 R,1.2 R,19.7,0.5″,48.9,3,0.17,0.18,Outdoor,N/A,-,-,-,-,-,-
8 Iron,2,108.5,88.9,1.22,140.6,140.8,0.2,3.2 L,10125,89.7,5.8,-0.5,27.7,61.7,7.6 R,8.5 R,Fade,4.1 R,1.2 R,26.9,2.9 L,0.5 L,20.3,0.5″,48.9,9.6,0.29,0.21,Outdoor,N/A,-,-,-,-,-,-
8 Iron,3,105.9,91,1.16,141.8,142.1,0.4,0.4 L,8291,73.3,5.4,0.1,21.5,61,5.2 R,5.9 R,Fade,1.8 R,1.4 R,21.6,0.4 L,0.1 L,17.4,-0.1″,42.3,6,0.07,-0.36,Outdoor,N/A,-,-,-,-,-,-
8 Iron,4,102.9,89.3,1.15,134.2,133.7,0.5,1.8 L,8508,91.8,5.8,0,30.9,59.7,2.5 R,5.5 R,Fade,1.9 R,0.1 R,30.9,1.8 L,1 R,22.6,-0″,49.8,3,0.5,0.03,Outdoor,N/A,-,-,-,-,-,-
8 Iron,5,106.4,88.8,1.2,135.9,135.2,0.7,0.5 L,9082,89.6,5.8,0.9,26.1,60.3,3.9 R,6.3 R,Fade,1.5 R,0.5 R,26.9,1 L,0.6 R,20.8,-1″,49.4,4.8,-0.12,-0.21,Outdoor,N/A,-,-,-,-,-,-
8 Iron,6,109.1,90.4,1.21,142,141.4,0.6,1.2 L,9221,89.9,5.8,0.6,25,61.7,1.9 L,4.1 L,Straight,0.4 L,1.9 L,25.7,1.5 L,0.7 L,20,-0.7″,48.2,-2.5,0.4,0.09,Outdoor,N/A,-,-,-,-,-,-
8 Iron,7,104.3,89.4,1.17,126.5,125.6,0.9,2 L,9328,85.1,5.6,0.5,26.2,61.7,1.7 R,1.9 R,Straight,1.1 R,1.2 L,26.7,2.3 L,0.1 L,20.4,-0.5″,51.3,1.9,0.2,0.22,Outdoor,N/A,-,-,-,-,-,-
8 Iron,8,108.2,91.6,1.18,138.2,137.4,0.8,2.4 L,9365,91,5.8,-0.3,28.2,61.6,2.4 R,0.8 R,Straight,1.6 R,0.6 L,27.9,2.2 L,0.9 L,20.9,0.3″,49.7,2.9,0.29,0.15,Outdoor,N/A,-,-,-,-,-,-
8 Iron,Avg,106.2,89.9,1.18,136.3,135.8,0.6,1.4 L,9124,86.4,5.7,0.1,26.5,61.1,3 R,3.8 R,-,1.7 R,0.2 R,26.6,1.5 L,0.1 R,20.3,-0.1″,48.6,3.6,0.23,0.04,-,-,-,-,-,-,-,-
8 Iron,Dev,2.1,0.9,0.02,5.2,5.4,0.2,1,523,6,0.2,0.5,2.5,0.7,2.6,3.8,-,1.2,1.2,2.4,1,0.7,1.4,0.5″,2.5,3.2,0.18,0.2,-,-,-,-,-,-,-,-